{ "_id" : "Female", "avgWeight" : 70.11141051364366, "avgHeight" : 167.12675160513643 }
{ "_id" : "Male", "avgWeight" : 70.00180785329879, "avgHeight" : 167.0800817221447 }